{
  "optimal_threshold": 0.9600000000000001,
  "f2_score_val": 0.8874458874458875,
  "f2_score_test": 0.8169934640522876,
  "precision_test": 0.9493670886075949,
  "recall_test": 0.7894736842105263,
  "auc_pr_test": 0.8240005061002795
}